{
  "timestamp": "2025-12-23T08:53:48.158598",
  "metrics": {
    "database_queries": 3,
    "cache_hits": 0,
    "cache_misses": 3,
    "response_times": [
      0.014445066452026367,
      0.012161731719970703,
      0.012223005294799805,
      0.0001780986785888672,
      0.0008211135864257812,
      0.0001857280731201172,
      0.0003542900085449219,
      0.05375313758850098,
      0.00013709068298339844,
      0.00016379356384277344,
      0.00011229515075683594,
      0.0003368854522705078,
      0.000164031982421875,
      0.00019669532775878906,
      0.00016498565673828125,
      0.00026917457580566406,
      0.00022983551025390625,
      0.0001659393310546875,
      0.00028252601623535156,
      0.0001976490020751953,
      0.0003437995910644531,
      0.0005278587341308594,
      0.000217437744140625,
      0.00016355514526367188,
      0.060063838958740234,
      0.00028324127197265625,
      0.00015115737915039062,
      0.000164031982421875,
      0.00015115737915039062,
      0.000141143798828125,
      0.0004930496215820312,
      0.0058362483978271484,
      0.00012135505676269531,
      0.0005552768707275391,
      0.007313251495361328
    ],
    "memory_usage": [
      48304128,
      52269056,
      52289536,
      52289536,
      52297728,
      52412416,
      52436992,
      52391936,
      52379648,
      52379648,
      52006912
    ],
    "active_connections": 0
  },
  "stats": {
    "cache": {
      "size": 0,
      "hits": 0,
      "misses": 3,
      "hit_rate": 0.0
    },
    "database": {
      "total_queries": 3,
      "slow_queries": 0,
      "avg_query_time": 0.003920237223307292
    },
    "endpoints": {
      "index": {
        "calls": 1,
        "avg_time": 0.014445066452026367,
        "max_time": 0.014445066452026367,
        "min_time": 0.014445066452026367,
        "p95": 0.014445066452026367
      },
      "api_stats": {
        "calls": 2,
        "avg_time": 0.012192368507385254,
        "max_time": 0.012223005294799805,
        "min_time": 0.012161731719970703,
        "p95": 0.01221994161605835
      },
      "distributed.api_distributed_stats": {
        "calls": 18,
        "avg_time": 0.000234577390882704,
        "max_time": 0.0005278587341308594,
        "min_time": 0.00015115737915039062,
        "p95": 0.0003714084625244138
      },
      "performance.api_performance_metrics": {
        "calls": 2,
        "avg_time": 0.004067182540893555,
        "max_time": 0.007313251495361328,
        "min_time": 0.0008211135864257812,
        "p95": 0.006988644599914551
      },
      "null": {
        "calls": 2,
        "avg_time": 0.00042366981506347656,
        "max_time": 0.0004930496215820312,
        "min_time": 0.0003542900085449219,
        "p95": 0.0004861116409301758
      },
      "distributed.distributed_dashboard": {
        "calls": 2,
        "avg_time": 0.056908488273620605,
        "max_time": 0.060063838958740234,
        "min_time": 0.05375313758850098,
        "p95": 0.05974830389022827
      },
      "distributed.api_get_load": {
        "calls": 5,
        "avg_time": 0.000141143798828125,
        "max_time": 0.000164031982421875,
        "min_time": 0.00011229515075683594,
        "p95": 0.00016145706176757814
      },
      "performance.performance_dashboard": {
        "calls": 1,
        "avg_time": 0.0058362483978271484,
        "max_time": 0.0058362483978271484,
        "min_time": 0.0058362483978271484,
        "p95": 0.0058362483978271484
      },
      "performance.api_optimization_suggestions": {
        "calls": 1,
        "avg_time": 0.00012135505676269531,
        "max_time": 0.00012135505676269531,
        "min_time": 0.00012135505676269531,
        "p95": 0.00012135505676269531
      },
      "performance.api_endpoint_performance": {
        "calls": 1,
        "avg_time": 0.0005552768707275391,
        "max_time": 0.0005552768707275391,
        "min_time": 0.0005552768707275391,
        "p95": 0.0005552768707275391
      }
    },
    "memory": {
      "cache_memory": 0,
      "suggestions": []
    }
  },
  "suggestions": [],
  "database_size": 114688,
  "cache_size": 0,
  "uptime": 0
}